"abase","/əˈbeɪs/","v.","to lower the quality or esteem of something"
"abate","/əˈbeɪt/","v.","to reduce, lessen"
"abdicate","/ˈæbdɪkeɪt/","v.","to renounce a throne, power, or responsibility"
"abduct","/æbˈdʌkt/","v.","to kidnap"
"aberration","/ˌæbəˈreɪʃn/","n.","a deviation from the normal or expected"
"abet","/əˈbet/","v.","to assist or encourage, especially in a wrongdoing"
"abide","/əˈbaɪd/","v.","1. to accept or follow; 2. to remain"
"abhor","/əbˈhɔːr/","v.","to hate intensely"
"abject","/ˈæbdʒekt/","adj.","miserable, pitiful"
"abjure","/əbˈdʒʊər/","v.","to renounce or reject solemnly"
"abnegation","/ˌæbnɪˈɡeɪʃn/","n.","self-denial"
"abort","/əˈbɔːrt/","v.","to stop or end prematurely"
"abridge","/əˈbrɪdʒ/","v.","to shorten a text while retaining its essence"
"abrogate","/ˈæbrəɡeɪt/","v.","to repeal or abolish"
"abscond","/əbˈskɒnd/","v.","to leave secretly or suddenly"
"absolution","/ˌæbsəˈluːʃn/","n.","forgiveness or release from guilt"
"abstain","/əbˈsteɪn/","v.","to refrain from doing something"
"abstruse","/æbˈstruːs/","adj.","difficult to understand"
"accede","/əkˈsiːd/","v.","to agree or consent"
"accentuate","/əkˈsentʃueɪt/","v.","to emphasize or highlight"
"accessible","/əkˈsesəbl/","adj.","easily reached or obtained"
"acclaim","/əˈkleɪm/","n.","high praise"
"accolade","/ˈækəleɪd/","n.","an award or honor"
"accommodating","/əˈkɒmədeɪtɪŋ/","adj.","willing to help or adapt"
"accord","/əˈkɔːd/","n.","an agreement"
"accost","/əˈkɒst/","v.","to approach and speak to boldly"
"accretion","/əˈkriːʃn/","n.","the process of growing or accumulating"
"acerbic","/əˈsɜːrbɪk/","adj.","sharp or biting in tone"
"acquiesce","/ˌækwiˈes/","v.","to agree or comply passively"
"acrimony","/ˈækrɪməni/","n.","bitterness or ill will"
"acumen","/əˈkjuːmən/","n.","keen insight or judgment"
"acute","/əˈkjuːt/","adj.","1. severe; 2. sharp or perceptive"
"adamant","/ˈædəmənt/","adj.","unwilling to change one's mind"
"adept","/əˈdept/","adj.","skilled or proficient"
"adhere","/ədˈhɪr/","v.","1. to stick to something; 2. to follow devoutly"
"admonish","/ədˈmɒnɪʃ/","v.","to warn or reprimand gently"
"adorn","/əˈdɔːrn/","v.","to decorate"
"adroit","/əˈdrɔɪt/","adj.","skillful or clever"
"adulation","/ˌædjuˈleɪʃn/","n.","excessive praise"
"adumbrate","/ˈædʌmbreɪt/","v.","to outline or sketch"
"adverse","/ˈædvɜːrs/","adj.","unfavorable or harmful"
"advocate","/ˈædvəkeɪt/","v. / n.","1. to support or promote; 2. a person who argues in favor of something"
"aerial","/ˈeriəl/","adj.","relating to the air"
"aesthetic","/esˈθetɪk/","adj.","artistic or related to beauty"
"affable","/ˈæfəbl/","adj.","friendly or amiable"
"affinity","/əˈfɪnəti/","n.","a natural liking or attraction"
"affluent","/ˈæfluənt/","adj.","rich or wealthy"
"affront","/əˈfrʌnt/","n.","an insult"
"aggrandize","/əˈɡrændaɪz/","v.","to increase or enhance"
"aggregate","/ˈæɡrɪɡət/","n. / v.","1. a whole or total; 2. to gather into a mass"
"aggrieved","/əˈɡriːvd/","adj.","wronged or distressed"
"agile","/ˈædʒaɪl/","adj.","quick or nimble"
"agnostic","/æɡˈnɒstɪk/","adj.","believing that the existence of God is unprovable"
"agriculture","/ˈæɡrɪkʌltʃər/","n.","farming"
"aisle","/aɪl/","n.","a passageway between rows of seats"
"alacrity","/əˈlækrəti/","n.","eagerness or speed"
"alias","/ˈeɪliəs/","n.","a false name or identity"
"allay","/əˈleɪ/","v.","to soothe or ease"
"allege","/əˈledʒ/","v.","to assert without proof"
"alleviate","/əˈliːvieɪt/","v.","to relieve or make less severe"
"allocate","/ˈæləkeɪt/","v.","to distribute or set aside"
"aloof","/əˈluːf/","adj.","distant or reserved"
"altercation","/ˌɔːltərˈkeɪʃn/","n.","a dispute or fight"
"amalgamate","/əˈmælgəmeɪt/","v.","to unite or combine"
"ambiguous","/æmˈbɪɡjuəs/","adj.","unclear or having multiple meanings"
"ambivalent","/æmˈbɪvələnt/","adj.","having mixed feelings"
"ameliorate","/əˈmiːliəreɪt/","v.","to improve"
"amenable","/əˈmiːnəbl/","adj.","willing to comply"
"amenity","/əˈmenəti/","n.","a comfort or convenience"
"amiable","/ˈeɪmiəbl/","adj.","friendly"
"amicable","/ˈæmɪkəbl/","adj.","peaceful or friendly"
"amorous","/ˈæmərəs/","adj.","showing love or desire"
"amorphous","/əˈmɔːrfəs/","adj.","shapeless or unstructured"
"anachronistic","/əˌnækrəˈnɪstɪk/","adj.","out of chronological order"
"analgesic","/ˌænəlˈdʒiːzɪk/","n.","a pain reliever"
"analogous","/əˈnæləɡəs/","adj.","similar or comparable"
"anarchist","/ˈænərkɪst/","n.","one who opposes all government"
"anathema","/əˈnæθəmə/","n.","a curse or abomination"
"anecdote","/ˈænɪkdoʊt/","n.","a short, amusing story"
"anesthesia","/ˌænəsˈθiːziə/","n.","loss of sensation"
"anguish","/ˈæŋɡwɪʃ/","n.","extreme suffering or pain"
"animated","/ˈænɪmeɪtɪd/","adj.","lively or energetic"
"annex","/əˈneks/","v. / n.","1. to add or attach; 2. an addition to a building"
"annul","/əˈnʌl/","v.","to cancel or invalidate"
"anomaly","/əˈnɒməli/","n.","something that deviates from the norm"
"anonymous","/əˈnɒnɪməs/","adj.","unknown or unidentifiable"
"antagonism","/ænˈtæɡənɪzəm/","n.","hostility or opposition"
"antecedent","/ˌæntɪˈsiːdənt/","n.","something that comes before"
"antediluvian","/ˌæntidɪˈluːviən/","adj.","ancient or outdated"
"anthology","/ænˈθɑːlədʒi/","n.","a collection of writings or works"
"antipathy","/ænˈtɪpəθi/","n.","a strong dislike"
"antiquated","/ˈæntɪkweɪtɪd/","adj.","old-fashioned or obsolete"
"antiseptic","/ˌæntiˈseptɪk/","adj.","clean or sterile"
"antithesis","/ænˈtɪθəsɪs/","n.","the opposite"
"anxiety","/æŋˈzaɪəti/","n.","worry or unease"
"apathetic","/ˌæpəˈθetɪk/","adj.","lacking interest or concern"
"apocryphal","/əˈpɑːkrɪfl/","adj.","fictitious or unsubstantiated"
"appalling","/əˈpɔːlɪŋ/","adj.","shocking or horrifying"
"appease","/əˈpiːz/","v.","to calm or satisfy"
"appraise","/əˈpreɪz/","v.","to assess the value of"
"apprehend","/ˌæprɪˈhend/","v.","1. to arrest; 2. to understand"
"approbation","/ˌæprəˈbeɪʃn/","n.","approval or praise"
"appropriate","/əˈproʊpriət/","v.","to take or use without permission"
"aquatic","/əˈkwætɪk/","adj.","relating to water"
"arable","/ˈærəbl/","adj.","suitable for growing crops"
"arbiter","/ˈɑːrbɪtər/","n.","a judge or decision-maker"
"arbitrary","/ˈɑːrbətreri/","adj.","based on random choice or whim"
"arbitration","/ˌɑːrbɪˈtreɪʃn/","n.","the process of resolving a dispute"
"arboreal","/ɑːrˈbɔːriəl/","adj.","relating to trees"
"arcane","/ɑːrˈkeɪn/","adj.","mysterious or secret"
"archaic","/ɑːrˈkeɪɪk/","adj.","old or outdated"
"archetypal","/ˌɑːrkiˈtaɪpl/","adj.","representative of a type"
"ardor","/ˈɑːrdər/","n.","passion or enthusiasm"
"arid","/ˈærɪd/","adj.","dry or barren"
"arrogate","/ˈærəɡeɪt/","v.","to seize or claim without right"
"artifact","/ˈɑːrtɪfækt/","n.","an object made by humans"
"artisan","/ˌɑːrtəˈzæn/","n.","a skilled craftsman"
"ascertain","/ˌæsərˈteɪn/","v.","to find out or determine"
"ascetic","/əˈsetɪk/","adj.","practicing self-denial"
"ascribe","/əˈskraɪb/","v.","to attribute or assign"
"aspersion","/əˈspɜːrʒn/","n.","a slander or insult"
"aspire","/əˈspaɪər/","v.","to aim or strive for"
"assail","/əˈseɪl/","v.","to attack"
"assess","/əˈses/","v.","to evaluate or judge"
"assiduous","/əˈsɪdjuəs/","adj.","hardworking or diligent"
"assuage","/əˈsweɪdʒ/","v.","to ease or calm"
"astute","/əˈstjuːt/","adj.","shrewd or clever"
"asylum","/əˈsaɪləm/","n.","1. a place of refuge; 2. a mental institution"
"atone","/əˈtoʊn/","v.","to make amends"
"atrophy","/ˈætrəfi/","v.","to waste away"
"attain","/əˈteɪn/","v.","to achieve or reach"
"attribute","/əˈtrɪbjuːt/","v. / n.","1. to credit or assign; 2. a characteristic or quality"
"atypical","/ˌeɪˈtɪpɪkl/","adj.","not typical or usual"
"audacious","/ɔːˈdeɪʃəs/","adj.","bold or daring"
"audible","/ˈɔːdəbl/","adj.","able to be heard"
"augment","/ɔːɡˈment/","v.","to increase or enhance"
"auspicious","/ɔːˈspɪʃəs/","adj.","favorable or promising"
"austere","/ɔːˈstɪr/","adj.","severe or plain"
"avarice","/ˈævərɪs/","n.","greed"
"avenge","/əˈvendʒ/","v.","to seek revenge"
"aversion","/əˈvɜːrʒn/","n.","a strong dislike"
"balk","/bɔːlk/","v.","to hesitate or refuse"
"ballad","/ˈbæləd/","n.","a narrative song or poem"
"banal","/bəˈnæl/","adj.","dull or commonplace"
"bane","/beɪn/","n.","a cause of harm or distress"
"bard","/bɑːrd/","n.","a poet or singer"
"bashful","/ˈbæʃfl/","adj.","shy or timid"
"battery","/ˈbætəri/","n.","1. a device that stores electricity; 2. an assault"
"beguile","/bɪˈɡaɪl/","v.","to deceive or charm"
"behemoth","/bɪˈhiːməθ/","n.","something large or powerful"
"benevolent","/bəˈnevələnt/","adj.","kind or generous"
"benign","/bɪˈnaɪn/","adj.","harmless or gentle"
"bequeath","/bɪˈkwiːð/","v.","to leave in a will"
"berate","/bɪˈreɪt/","v.","to scold harshly"
"bereft","/bɪˈreft/","adj.","deprived or lacking"
"beseech","/bɪˈsiːtʃ/","v.","to beg or implore"
"bias","/ˈbaɪəs/","n.","a prejudice or inclination"
"bilk","/bɪlk/","v.","to cheat or defraud"
"blandish","/ˈblændɪʃ/","v.","to flatter or coax"
"blemish","/ˈblemɪʃ/","n.","a flaw or defect"
"blight","/blaɪt/","n.","1. a disease or plague; 2. something that destroys"
"boisterous","/ˈbɔɪstərəs/","adj.","loud or energetic"
"bombastic","/bɑːmˈbæstɪk/","adj.","pompous or inflated"
"boon","/buːn/","n.","a benefit or blessing"
"bourgeois","/ˌbʊrʒwɑː/","n.","a middle-class person"
"brazen","/ˈbreɪzn/","adj.","bold or shameless"
"brusque","/brʌsk/","adj.","abrupt or rude"
"buffet","/ˈbʌfeɪ/","v. / n.","1. to strike repeatedly; 2. a meal with a variety of dishes"
"burnish","/ˈbɜːrnɪʃ/","v.","to polish or shine"
"buttress","/ˈbʌtrəs/","v. / n.","1. to support or strengthen; 2. a support structure"
"cacophony","/kəˈkɑːfəni/","n.","a harsh, discordant sound"
"cadence","/ˈkeɪdns/","n.","a rhythm or beat"
"cajole","/kəˈdʒoʊl/","v.","to persuade with flattery"
"calamity","/kəˈlæməti/","n.","a disaster"
"calibrate","/ˈkæləbreɪt/","v.","to adjust or measure"
"callous","/ˈkæləs/","adj.","unfeeling or insensitive"
"calumny","/ˈkæləmni/","n.","a false statement intended to harm"
"camaraderie","/ˌkæməˈrɑːdəri/","n.","friendship or solidarity"
"candor","/ˈkændər/","n.","honesty or frankness"
"canny","/ˈkæni/","adj.","shrewd or clever"
"canvas","/ˈkænvəs/","n. / v.","1. a fabric for painting; 2. to examine or survey"
"capacious","/kəˈpeɪʃəs/","adj.","spacious or roomy"
"capitulate","/kəˈpɪtʃuleɪt/","v.","to surrender or give in"
"capricious","/kəˈprɪʃəs/","adj.","fickle or unpredictable"
"captivate","/ˈkæptɪveɪt/","v.","to attract or charm"
"carouse","/kəˈraʊz/","v.","to drink and party"
"carp","/kɑːrp/","v.","to complain or find fault"
"catalog","/ˈkætəlɔːɡ/","v. / n.","1. to list or record; 2. a list or collection"
"catalyze","/ˈkætəlaɪz/","v.","to cause or accelerate a reaction"
"caucus","/ˈkɔːkəs/","n.","a meeting of a group with shared interests"
"caustic","/ˈkɔːstɪk/","adj.","bitter or corrosive"
"cavort","/kəˈvɔːrt/","v.","to frolic or play"
"censure","/ˈsenʃər/","n. / v.","1. severe criticism; 2. to criticize harshly"
"cerebral","/səˈriːbrəl/","adj.","relating to the brain or intellect"
"chaos","/ˈkeɪɑːs/","n.","disorder or confusion"
"chastise","/tʃæˈstaɪz/","v.","to scold or punish"
"cherish","/ˈtʃerɪʃ/","v.","to value or love deeply"
"chide","/tʃaɪd/","v.","to scold or rebuke"
"choreography","/ˌkɒriˈɑːɡrəfi/","n.","the art of creating dances"
"chronicle","/ˈkrɒnɪkl/","n. / v.","1. a historical record; 2. to record events"
"chronological","/ˌkrɒnəˈlɒdʒɪkl/","adj.","arranged in order of time"
"circuitous","/sərˈkjuːɪtəs/","adj.","roundabout or indirect"
"circumlocution","/ˌsɜːrkəmləˈkjuːʃn/","n.","wordy or indirect language"
"circumscribed","/ˈsɜːrkəmskraɪbd/","adj.","limited or restricted"
"circumspect","/ˈsɜːrkəmspekt/","adj.","cautious or prudent"
"circumvent","/ˌsɜːrkəmˈvent/","v.","to avoid or bypass"
"clairvoyant","/klerˈvɔɪənt/","adj.","able to see the future"
"clamor","/ˈklæmər/","n. / v.","1. a loud noise; 2. to demand loudly"
"clandestine","/klænˈdestɪn/","adj.","secret or hidden"
"cleave","/kliːv/","v.","1. to split or divide; 2. to stick or adhere"
"clemency","/ˈklemənsi/","n.","mercy or forgiveness"
"clergy","/ˈklɜːrdʒi/","n.","religious leaders"
"cloying","/ˈklɔɪɪŋ/","adj.","excessively sweet or sentimental"
"coagulate","/koʊˈæɡjuleɪt/","v.","to thicken or clot"
"coalesce","/ˌkoʊəˈles/","v.","to come together or merge"
"cobbler","/ˈkɒblər/","n.","a shoemaker"
"coerce","/koʊˈɜːrs/","v.","to force or compel"
"cogent","/ˈkoʊdʒənt/","adj.","convincing or logical"
"cognizant","/ˈkɑːɡnɪzənt/","adj.","aware or conscious"
"coherent","/koʊˈhɪrənt/","adj.","logical or consistent"
"collateral","/kəˈlætərəl/","adj. / n.","1. secondary or additional; 2. security for a loan"
"colloquial","/kəˈloʊkwiəl/","adj.","conversational or informal"
"collusion","/kəˈluːʒn/","n.","a secret agreement"
"colossus","/kəˈlɑːsəs/","n.","a giant statue or thing"
"combustion","/kəmˈbʌstʃən/","n.","the process of burning"
"commendation","/ˌkɒmənˈdeɪʃn/","n.","praise or recognition"
"commensurate","/kəˈmenʃərət/","adj.","corresponding in size or amount"
"commodious","/kəˈmoʊdiəs/","adj.","spacious or roomy"
"compelling","/kəmˈpelɪŋ/","adj.","forceful or convincing"
"compensate","/ˈkɑːmpenseɪt/","v.","to make up for or repay"
"complacency","/kəmˈpleɪsənsi/","n.","self-satisfaction"
"complement","/ˈkɒmplɪment/","v.","to complete or enhance"
"compliant","/kəmˈplaɪənt/","adj.","obedient or flexible"
"complicit","/kəmˈplɪsɪt/","adj.","involved in a wrongdoing"
"compliment","/ˈkɒmplɪmənt/","n.","an expression of praise"
"compound","/ˈkɒmpaʊnd/","v. / n.","1. to combine or mix; 2. a substance made of two or more elements; 3. an enclosed area"
"comprehensive","/ˌkɒmprɪˈhensɪv/","adj.","thorough or complete"
"compress","/kəmˈpres/","v.","to squeeze or condense"
"compunction","/kəmˈpʌŋkʃn/","n.","guilt or remorse"
"concede","/kənˈsiːd/","v.","to admit or yield"
"conciliatory","/kənˈsɪliətɔːri/","adj.","peaceful or appeasing"
"concise","/kənˈsaɪs/","adj.","brief or to the point"
"concoct","/kənˈkɒkt/","v.","to invent or create"
"concomitant","/kənˈkɒmɪtənt/","adj.","accompanying or associated"
"concord","/ˈkɒŋkɔːrd/","n.","agreement or harmony"
"condolence","/kənˈdoʊləns/","n.","sympathy for a loss"
"condone","/kənˈdoʊn/","v.","to overlook or forgive"
"conduit","/ˈkɒndɪt/","n.","a pipe or channel for conveying something"
"confection","/kənˈfekʃn/","n.","a sweet food or creation"
"confidant","/ˈkɒnfɪdænt/","n.","a trusted friend"
"conflagration","/ˌkɒnfləˈɡreɪʃn/","n.","a large fire"
"confluence","/ˈkɒnfluəns/","n.","a meeting or merging"
"conformist","/kənˈfɔːrmɪst/","n.","someone who follows the crowd"
"confound","/kənˈfaʊnd/","v.","to confuse or perplex"
"congeal","/kənˈdʒiːl/","v.","to thicken or solidify"
"congenial","/kənˈdʒiːniəl/","adj.","pleasant or friendly"
"congregation","/ˌkɒŋɡrɪˈɡeɪʃn/","n.","a group of people gathered for worship"
"congruity","/kənˈɡruːəti/","n.","agreement or consistency"
"connive","/kəˈnaɪv/","v.","to plot or scheme"
"consecrate","/ˈkɒnsɪkreɪt/","v.","to dedicate to a sacred purpose"
"consensus","/kənˈsensəs/","n.","general agreement"
"consign","/kənˈsaɪn/","v.","to hand over or entrust"
"consolation","/ˌkɒnsəˈleɪʃn/","n.","comfort in sorrow"
"consonant","/ˈkɒnsənənt/","adj.","in harmony or agreement"
"constituent","/kənˈstɪtjuənt/","n.","a component or part"
"constrain","/kənˈstreɪn/","v.","to restrict or limit"
"construe","/kənˈstruː/","v.","to interpret or understand"
"consummate","/ˈkɒnsəmeɪt/","v.","to complete or perfect"
"consumption","/kənˈsʌmpʃn/","n.","the act of using or consuming"
"contemporaneous","/kənˌtempəˈreɪniəs/","adj.","existing at the same time"
"contentious","/kənˈtenʃəs/","adj.","argumentative or controversial"
"contravene","/ˌkɒntrəˈviːn/","v.","to violate or contradict"
"contrite","/kənˈtraɪt/","adj.","remorseful or sorry"
"contusion","/kənˈtuːʒn/","n.","a bruise"
"conundrum","/kəˈnʌndrəm/","n.","a puzzle or problem"
"convene","/kənˈviːn/","v.","to gather or assemble"
"convention","/kənˈvenʃn/","n.","1. a meeting; 2. a custom or practice"
"convivial","/kənˈvɪviəl/","adj.","friendly or festive"
"convoluted","/ˈkɒnvəluːtɪd/","adj.","complex or tangled"
"copious","/ˈkoʊpiəs/","adj.","abundant or plentiful"
"cordial","/ˈkɔːrdiəl/","adj.","warm or friendly"
"coronation","/ˌkɔːrəˈneɪʃn/","n.","the act of crowning a monarch"
"corpulence","/ˈkɔːrpjələns/","n.","excessive fatness"
"corroborate","/kəˈrɑːbəreɪt/","v.","to support or confirm"
"corrosive","/kəˈroʊsɪv/","adj.","able to eat away or damage"
"cosmopolitan","/ˌkɑːzməˈpɒlɪtən/","adj.","sophisticated or worldly"
"counteract","/ˌkaʊntərˈækt/","v.","to oppose or neutralize"
"coup","/kuː/","n.","1. a brilliant act; 2. a seizure of power"
"covet","/ˈkʌvət/","v.","to desire eagerly, especially something belonging to others"
"covert","/ˈkoʊvərt/","adj.","secret or hidden"
"credulity","/krəˈduːləti/","n.","willingness to believe"
"crescendo","/krəˈʃendoʊ/","n.","a gradual increase in intensity"
"criteria","/kraɪˈtɪriə/","n.","standards or principles for judgment"
"culmination","/ˌkʌlmɪˈneɪʃn/","n.","the highest point or climax"
"culpable","/ˈkʌlpəbl/","adj.","deserving blame"
"cultivate","/ˈkʌltɪveɪt/","v.","to grow or develop"
"cumulative","/ˈkjuːmjəleɪtɪv/","adj.","increasing over time"
"cunning","/ˈkʌnɪŋ/","adj.","sly or clever"
"cupidity","/kjuːˈpɪdəti/","n.","greed or desire"
"cursory","/ˈkɜːrsəri/","adj.","hasty or superficial"
"curt","/kɜːrt/","adj.","abrupt or brief"
"curtail","/kɜːrˈteɪl/","v.","to shorten or reduce"
"daunting","/ˈdɔːntɪŋ/","adj.","intimidating or discouraging"
"dearth","/dɜːrθ/","n.","a scarcity or lack"
"debacle","/deɪˈbɑːkl/","n.","a disaster or failure"
"debase","/dɪˈbeɪs/","v.","to lower in quality or dignity"
"debauch","/dɪˈbɔːtʃ/","v.","to corrupt or indulge"
"debunk","/diːˈbʌŋk/","v.","to expose as false"
"decorous","/ˈdekərəs/","adj.","proper or polite"
"decry","/dɪˈkraɪ/","v.","to condemn or criticize"
"deface","/dɪˈfeɪs/","v.","to damage or disfigure"
"defamatory","/dɪˈfæmətɔːri/","adj.","harmful to reputation"
"defer","/dɪˈfɜːr/","v.","1. to postpone; 2. to submit to authority"
"deferential","/ˌdefəˈrenʃl/","adj.","respectful or submissive"
"defile","/dɪˈfaɪl/","v.","to pollute or desecrate"
"deft","/deft/","adj.","skillful or nimble"
"defunct","/dɪˈfʌŋkt/","adj.","no longer existing"
"delegate","/ˈdelɪɡeɪt/","v.","to assign or entrust"
"deleterious","/ˌdelɪˈtɪriəs/","adj.","harmful or damaging"
"deliberate","/dɪˈlɪbərət/","adj.","intentional or careful"
"delineate","/dɪˈlɪnieɪt/","v.","to describe or outline"
"demagogue","/ˈdeməɡɒɡ/","n.","a leader who appeals to emotions"
"demarcation","/ˌdiːmɑːrˈkeɪʃn/","n.","a boundary or distinction"
"demean","/dɪˈmiːn/","v.","to lower in status or dignity"
"demure","/dɪˈmjʊr/","adj.","modest or reserved"
"denigrate","/ˈdenɪɡreɪt/","v.","to belittle or degrade"
"denounce","/dɪˈnaʊns/","v.","to condemn or criticize publicly"
"deplore","/dɪˈplɔːr/","v.","to regret or condemn"
"depravity","/dɪˈprævəti/","n.","moral corruption"
"deprecate","/ˈdeprəkeɪt/","v.","to belittle or disapprove"
"derelict","/ˈderəlɪkt/","adj.","abandoned or neglected"
"deride","/dɪˈraɪd/","v.","to mock or ridicule"
"derivative","/dɪˈrɪvətɪv/","adj.","unoriginal or copied"
"desecrate","/ˈdesɪkreɪt/","v.","to violate or profane"
"desiccated","/ˈdesɪkeɪtɪd/","adj.","dried out"
"desolate","/ˈdesələt/","adj.","barren or lonely"
"despondent","/dɪˈspɑːndənt/","adj.","depressed or hopeless"
"despot","/ˈdespɑːt/","n.","a tyrant or dictator"
"destitute","/ˈdestɪtjuːt/","adj.","poverty-stricken"
"deter","/dɪˈtɜːr/","v.","to discourage or prevent"
"devious","/ˈdiːviəs/","adj.","dishonest or tricky"
"dialect","/ˈdaɪəlekt/","n.","a regional variety of a language"
"diaphanous","/daɪˈæfənəs/","adj.","light or transparent"
"didactic","/daɪˈdæktɪk/","adj.","instructive or moralizing"
"diffident","/ˈdɪfɪdənt/","adj.","shy or modest"
"diffuse","/dɪˈfjuːz/","v. / adj.","1. to spread or scatter; 2. wordy or scattered"
"dilatory","/ˈdɪlətɔːri/","adj.","delaying or slow"
"diligent","/ˈdɪlɪdʒənt/","adj.","hardworking or careful"
"diminutive","/dɪˈmɪnjətɪv/","adj.","small or tiny"
"dirge","/dɜːrdʒ/","n.","a mournful song"
"disaffected","/ˌdɪsəˈfektɪd/","adj.","discontented or rebellious"
"disavow","/ˌdɪsəˈvaʊ/","v.","to deny or repudiate"
"discern","/dɪˈsɜːrn/","v.","to perceive or recognize"
"disclose","/dɪsˈkloʊz/","v.","to reveal or make known"
"discomfit","/dɪsˈkʌmfɪt/","v.","to embarrass or confuse"
"discordant","/dɪsˈkɔːrdənt/","adj.","disharmonious or conflicting"
"discrepancy","/dɪˈskrepənsi/","n.","a difference or inconsistency"
"discretion","/dɪˈskreʃn/","n.","carefulness or judgment"
"discursive","/dɪsˈkɜːrsɪv/","adj.","rambling or digressive"
"disdain","/dɪsˈdeɪn/","v. / n.","1. to scorn or despise; 2. contempt"
"disgruntled","/dɪsˈɡrʌntld/","adj.","dissatisfied or angry"
"disheartened","/dɪsˈhɑːrtnd/","adj.","discouraged or dejected"
"disparage","/dɪˈspærɪdʒ/","v.","to belittle or criticize"
"disparate","/ˈdɪspərət/","adj.","different or unrelated"
"dispatch","/dɪˈspætʃ/","v.","to send off or deal with quickly"
"dispel","/dɪˈspel/","v.","to drive away or disperse"
"disperse","/dɪˈspɜːrs/","v.","to scatter or spread out"
"disrepute","/ˌdɪsrɪˈpjuːt/","n.","disgrace or dishonor"
"dissemble","/dɪˈsembl/","v.","to pretend or disguise"
"disseminate","/dɪˈsemɪneɪt/","v.","to spread or distribute"
"dissent","/dɪˈsent/","v. / n.","1. to disagree; 2. disagreement"
"dissipate","/ˈdɪsɪpeɪt/","v.","1. to scatter or vanish; 2. to waste"
"dissonance","/ˈdɪsənəns/","n.","discord or inconsistency"
"dissuade","/dɪˈsweɪd/","v.","to persuade not to do something"
"distend","/dɪˈstend/","v.","to swell or expand"
"dither","/ˈdɪðər/","v.","to hesitate or be indecisive"
"divine","/dɪˈvaɪn/","adj.","godlike or wonderful"
"divisive","/dɪˈvaɪsɪv/","adj.","causing disagreement"
"divulge","/daɪˈvʌldʒ/","v.","to reveal or disclose"
"docile","/ˈdoʊsaɪl/","adj.","easily trained or controlled"
"dogmatic","/dɒɡˈmætɪk/","adj.","opinionated or rigid"
"dormant","/ˈdɔːrmənt/","adj.","inactive or sleeping"
"dour","/dʊr/","adj.","gloomy or stern"
"dubious","/ˈduːbiəs/","adj.","doubtful or uncertain"
"duplicity","/duːˈplɪsəti/","n.","deceit or dishonesty"
"duress","/duːˈres/","n.","force or coercion"
"dynamic","/daɪˈnæmɪk/","adj.","energetic or changing"
"ebullient","/ɪˈbʌliənt/","adj.","lively or enthusiastic"
"eclectic","/ɪˈklektɪk/","adj.","diverse or varied"
"ecstatic","/ɪkˈstætɪk/","adj.","overjoyed or thrilled"
"edict","/ˈiːdɪkt/","n.","an order or decree"
"efface","/ɪˈfeɪs/","v.","to erase or obliterate"
"effervescent","/ˌefərˈvesnt/","adj.","bubbly or lively"
"efficacious","/ˌefɪˈkeɪʃəs/","adj.","effective or successful"
"effrontery","/ɪˈfrʌntəri/","n.","boldness or impudence"
"effulgent","/ɪˈfʌldʒənt/","adj.","radiant or shining"
"egregious","/ɪˈɡriːdʒiəs/","adj.","extremely bad or shocking"
"elaborate","/ɪˈlæbərət/","adj.","detailed or complex"
"elated","/ɪˈleɪtɪd/","adj.","overjoyed or happy"
"elegy","/ˈelədʒi/","n.","a poem or song of mourning"
"elicit","/ɪˈlɪsɪt/","v.","to draw out or evoke"
"eloquent","/ˈeləkwənt/","adj.","expressive or persuasive"
"elucidate","/ɪˈluːsɪdeɪt/","v.","to explain or clarify"
"elude","/ɪˈluːd/","v.","to evade or escape"
"emaciated","/ɪˈmeɪsieɪtɪd/","adj.","extremely thin"
"embellish","/ɪmˈbelɪʃ/","v.","1. to decorate; 2. to exaggerate"
"embezzle","/ɪmˈbezl/","v.","to steal money entrusted to one"
"emend","/iˈmend/","v.","to correct or revise"
"eminent","/ˈemɪnənt/","adj.","famous or distinguished"
"emollient","/ɪˈmɑːliənt/","adj.","soothing or softening"
"emote","/ɪˈmoʊt/","v.","to express emotion"
"empathy","/ˈempəθi/","n.","the ability to understand others' feelings"
"empirical","/ɪmˈpɪrɪkl/","adj.","based on observation or experience"
"emulate","/ˈemjuleɪt/","v.","to imitate or copy"
"enamor","/ɪˈnæmər/","v.","to charm or captivate"
"encore","/ˈɒŋkɔːr/","n.","a repeated performance"
"encumber","/ɪnˈkʌmbər/","v.","to burden or hinder"
"enervate","/ˈenərveɪt/","v.","to weaken or exhaust"
"enfranchise","/ɪnˈfræntʃaɪz/","v.","to grant the right to vote"
"engender","/ɪnˈdʒendər/","v.","to cause or produce"
"enigmatic","/ˌenɪɡˈmætɪk/","adj.","mysterious or puzzling"
"enmity","/ˈenməti/","n.","hostility or hatred"
"ennui","/ɒnˈwiː/","n.","boredom or weariness"
"entail","/ɪnˈteɪl/","v.","to involve or require"
"enthrall","/ɪnˈθrɔːl/","v.","to captivate or charm"
"ephemeral","/ɪˈfemərəl/","adj.","short-lived or temporary"
"epistolary","/ɪˈpɪstələri/","adj.","relating to letters"
"epitome","/ɪˈpɪtəmi/","n.","a perfect example"
"equanimity","/ˌekwəˈnɪməti/","n.","calmness or composure"
"equivocal","/ɪˈkwɪvəkl/","adj.","ambiguous or uncertain"
"erudite","/ˈerudaɪt/","adj.","learned or scholarly"
"eschew","/ɪsˈtʃuː/","v.","to avoid or shun"
"esoteric","/ˌesəˈterɪk/","adj.","obscure or specialized"
"espouse","/ɪˈspaʊz/","v.","to support or advocate"
"ethereal","/iˈθɪriəl/","adj.","heavenly or delicate"
"etymology","/ˌetɪˈmɑːlədʒi/","n.","the origin of words"
"euphoric","/juːˈfɔːrɪk/","adj.","extremely happy"
"evanescent","/ˌevəˈnesnt/","adj.","fleeting or transient"
"evince","/ɪˈvɪns/","v.","to show or reveal"
"exacerbate","/ɪɡˈzæsərbeɪt/","v.","to make worse"
"exalt","/ɪɡˈzɔːlt/","v.","to praise or glorify"
"exasperate","/ɪɡˈzæspəreɪt/","v.","to irritate or annoy"
"excavate","/ˈekskəveɪt/","v.","to dig up or uncover"
"exculpate","/ˈekskʌlpeɪt/","v.","to clear of guilt"
"excursion","/ɪkˈskɜːrʒn/","n.","a trip or outing"
"execrable","/ˈeksɪkrəbl/","adj.","detestable or terrible"
"exhort","/ɪɡˈzɔːrt/","v.","to urge or encourage"
"exigent","/ˈeksɪdʒənt/","adj.","urgent or pressing"
"exonerate","/ɪɡˈzɑːnəreɪt/","v.","to clear of blame"
"exorbitant","/ɪɡˈzɔːrbɪtənt/","adj.","excessive or unreasonable"
"expedient","/ɪkˈspiːdiənt/","adj.","practical or advantageous"
"expiate","/ˈekspieɪt/","v.","to make amends"
"expunge","/ɪkˈspʌndʒ/","v.","to erase or remove"
"expurgate","/ˈekspərɡeɪt/","v.","to censor or remove offensive parts"
"extant","/ekˈstənt/","adj.","still in existence"
"extol","/ɪkˈstoʊl/","v.","to praise highly"
"extraneous","/ɪkˈstreɪniəs/","adj.","irrelevant or unnecessary"
"extricate","/ˈekstrɪkeɪt/","v.","to free or release"
"exult","/ɪɡˈzʌlt/","v.","to rejoice or celebrate"
"fabricate","/ˈfæbrɪkeɪt/","v.","to invent or make up"
"façade","/fəˈsɑːd/","n.","1. the front of a building; 2. a false appearance"
"facile","/ˈfæsl/","adj.","1. easy; 2. superficial"
"fallacious","/fəˈleɪʃəs/","adj.","false or misleading"
"fastidious","/fæˈstɪdiəs/","adj.","meticulous or fussy"
"fathom","/ˈfæðəm/","v.","to understand or comprehend"
"fatuous","/ˈfætʃuəs/","adj.","foolish or silly"
"fecund","/ˈfiːkənd/","adj.","fertile or productive"
"felicitous","/fəˈlɪsɪtəs/","adj.","appropriate or happy"
"feral","/ˈferəl/","adj.","wild or untamed"
"fervent","/ˈfɜːrvənt/","adj.","passionate or intense"
"fetid","/ˈfetɪd/","adj.","foul-smelling"
"fetter","/ˈfetər/","v.","to chain or restrict"
"fickle","/ˈfɪkl/","adj.","changeable or inconsistent"
"fidelity","/fɪˈdeləti/","n.","loyalty or faithfulness"
"figurative","/ˈfɪɡjərətɪv/","adj.","symbolic or metaphorical"
"flabbergasted","/ˈflæbərɡæstɪd/","adj.","astonished or shocked"
"flaccid","/ˈflæsɪd/","adj.","limp or soft"
"flagrant","/ˈfleɪɡrənt/","adj.","obvious or outrageous"
"florid","/ˈflɔːrɪd/","adj.","flowery or ornate"
"flout","/flaʊt/","v.","to disregard or mock"
"foil","/fɔɪl/","v.","to thwart or prevent"
"forage","/ˈfɔːrɪdʒ/","v.","to search for food"
"forbearance","/fɔːrˈberəns/","n.","patience or tolerance"
"forestall","/fɔːrˈstɔːl/","v.","to prevent or delay"
"forlorn","/fəˈlɔːrn/","adj.","lonely or hopeless"
"forsake","/fərˈseɪk/","v.","to abandon or desert"
"fortitude","/ˈfɔːrtɪtuːd/","n.","courage or strength"
"fortuitous","/fɔːrˈtuːɪtəs/","adj.","lucky or accidental"
"forum","/ˈfɔːrəm/","n.","a place for discussion"
"foster","/ˈfɑːstər/","v.","to encourage or promote"
"fractious","/ˈfrækʃəs/","adj.","irritable or difficult"
"fraught","/frɔːt/","adj.","filled with or accompanied by"
"frenetic","/frəˈnetɪk/","adj.","frenzied or chaotic"
"frivolous","/ˈfrɪvələs/","adj.","silly or unimportant"
"frugal","/ˈfruːɡl/","adj.","thrifty or economical"
"furtive","/ˈfɜːrtɪv/","adj.","secretive or sly"
"garish","/ˈɡerɪʃ/","adj.","gaudy or bright"
"garrulous","/ˈɡærəjələs/","adj.","talkative or wordy"
"genial","/ˈdʒiːniəl/","adj.","friendly or pleasant"
"gluttony","/ˈɡlʌtəni/","n.","overindulgence in food"
"goad","/ɡoʊd/","v.","to urge or provoke"
"gourmand","/ˈɡʊrmænd/","n.","a lover of food"
"grandiloquence","/ɡrænˈdɪləkwəns/","n.","pompous speech"
"grandiose","/ˈɡrændioʊs/","adj.","impressive or exaggerated"
"gratuitous","/ɡrəˈtuːɪtəs/","adj.","unnecessary or unwarranted"
"gregarious","/ɡrɪˈɡeriəs/","adj.","sociable or outgoing"
"grievous","/ˈɡriːvəs/","adj.","serious or harmful"
"guile","/ɡaɪl/","n.","deceit or cunning"
"hackneyed","/ˈhæknid/","adj.","overused or trite"
"hallowed","/ˈhæloʊd/","adj.","sacred or revered"
"hapless","/ˈhæpləs/","adj.","unlucky"
"harangue","/həˈræŋ/","n. / v.","1. a long, angry speech; 2. to deliver such a speech"
"hardy","/ˈhɑːrdi/","adj.","strong or resilient"
"harrowing","/ˈhæroʊɪŋ/","adj.","distressing or terrifying"
"haughty","/ˈhɔːti/","adj.","arrogant or proud"
"hedonist","/ˈhiːdənɪst/","n.","someone who seeks pleasure"
"hegemony","/hɪˈdʒeməni/","n.","dominance or leadership"
"heinous","/ˈheɪnəs/","adj.","shockingly evil"
"heterogeneous","/ˌhetərəˈdʒiːniəs/","adj.","diverse or varied"
"hiatus","/haɪˈeɪtəs/","n.","a break or gap"
"hierarchy","/ˈhaɪərɑːrki/","n.","a system of ranking"
"hypocrisy","/hɪˈpɒkrəsi/","n.","pretending to be virtuous"
"hypothetical","/ˌhaɪpəˈθetɪkl/","adj.","based on assumption"
"iconoclast","/aɪˈkɒnəklæst/","n.","someone who challenges traditions"
"idiosyncratic","/ˌɪdiəsɪŋˈkrætɪk/","adj.","peculiar or unique"
"idolatrous","/aɪˈdɒlətrəs/","adj.","excessively worshipping"
"ignominious","/ˌɪɡnəˈmɪniəs/","adj.","humiliating or disgraceful"
"illicit","/ɪˈlɪsɪt/","adj.","forbidden or illegal"
"immerse","/ɪˈmɜːrs/","v.","to submerge or involve deeply"
"immutable","/ɪˈmjuːtəbl/","adj.","unchangeable"
"impassive","/ɪmˈpæsɪv/","adj.","unemotional or stoic"
"impeccable","/ɪmˈpekəbl/","adj.","flawless or perfect"
"impecunious","/ˌɪmpɪˈkjuːniəs/","adj.","poor or penniless"
"imperative","/ɪmˈperətɪv/","adj. / n.","1. necessary or urgent; 2. a command"
"imperious","/ɪmˈpɪriəs/","adj.","domineering or arrogant"
"impertinent","/ɪmˈpɜːrtɪnənt/","adj.","rude or insolent"
"impervious","/ɪmˈpɜːrviəs/","adj.","impenetrable or resistant"
"impetuous","/ɪmˈpetʃuəs/","adj.","rash or hasty"
"impinge","/ɪmˈpɪndʒ/","v.","to affect or encroach"
"implacable","/ɪmˈplækəbl/","adj.","unforgiving or relentless"
"implement","/ˈɪmplɪment/","n. / v.","1. a tool or instrument; 2. to carry out"
"implicate","/ˈɪmplɪkeɪt/","v.","to involve in a crime"
"implicit","/ɪmˈplɪsɪt/","adj.","implied or understood"
"impregnable","/ɪmˈpreɡnəbl/","adj.","unconquerable or secure"
"impudent","/ˈɪmpjədənt/","adj.","bold or disrespectful"
"impute","/ɪmˈpjuːt/","v.","to attribute or assign"
"inane","/ɪˈneɪn/","adj.","silly or meaningless"
"inarticulate","/ˌɪnɑːrˈtɪkjuleɪt/","adj.","unable to express clearly"
"incarnate","/ɪnˈkɑːrnət/","adj. / v.","1. embodied in flesh; 2. to give form to"
"incendiary","/ɪnˈsendieri/","n. / adj.","1. someone who stirs up trouble; 2. inflammatory"
"incessant","/ɪnˈsesnt/","adj.","uninterrupted or constant"
"inchoate","/ɪnˈkoʊət/","adj.","undeveloped or beginning"
"incisive","/ɪnˈsaɪsɪv/","adj.","sharp or clear"
"inclination","/ˌɪnklɪˈneɪʃn/","n.","a tendency or preference"
"incontrovertible","/ˌɪnkɒntrəˈvɜːrtəbl/","adj.","undeniable or certain"
"incorrigible","/ɪnˈkɒrɪdʒəbl/","adj.","unreformable or hopeless"
"increment","/ˈɪnkrəmənt/","n.","an increase or addition"
"incumbent","/ɪnˈkʌmbənt/","n. / adj.","1. someone in office; 2. obligatory"
"indefatigable","/ˌɪndɪˈfætɪɡəbl/","adj.","tireless or persistent"
"indigenous","/ɪnˈdɪdʒənəs/","adj.","native or original"
"indigent","/ˈɪndɪdʒənt/","adj.","poor or needy"
"indignation","/ˌɪndɪɡˈneɪʃn/","n.","anger at injustice"
"indolent","/ˈɪndələnt/","adj.","lazy or sluggish"
"indomitable","/ɪnˈdɑːmɪtəbl/","adj.","unconquerable or persistent"
"induce","/ɪnˈduːs/","v.","to cause or bring about"
"ineffable","/ɪnˈefəbl/","adj.","inexpressible or unspeakable"
"inept","/ɪˈnept/","adj.","incompetent or clumsy"
"inexorable","/ɪnˈeksərəbl/","adj.","relentless or unavoidable"
"inextricable","/ˌɪnɪkˈstrɪkəbl/","adj.","entangled or unavoidable"
"infamy","/ˈɪnfəmi/","n.","notoriety or disgrace"
"infusion","/ɪnˈfjuːʒn/","n.","the act of pouring in"
"ingenious","/ɪnˈdʒiːniəs/","adj.","clever or inventive"
"ingenuous","/ɪnˈdʒenjuəs/","adj.","naive or sincere"
"inhibit","/ɪnˈhɪbɪt/","v.","to restrain or hinder"
"inimical","/ɪˈnɪmɪkl/","adj.","hostile or harmful"
"iniquity","/ɪˈnɪkwəti/","n.","wickedness or sin"
"injunction","/ɪnˈdʒʌŋkʃn/","n.","a court order"
"innate","/ɪˈneɪt/","adj.","inborn or natural"
"innocuous","/ɪˈnɑːkjuəs/","adj.","harmless or inoffensive"
"innovate","/ˈɪnəveɪt/","v.","to introduce new ideas"
"innuendo","/ˌɪnjuˈendoʊ/","n.","a hint or insinuation"
"inoculate","/ɪˈnɑːkjuleɪt/","v.","to vaccinate or protect"
"inquisitor","/ɪnˈkwɪzɪtər/","n.","someone who questions harshly"
"insatiable","/ɪnˈseɪʃəbl/","adj.","unable to be satisfied"
"insidious","/ɪnˈsɪdiəs/","adj.","sneaky or harmful"
"insinuate","/ɪnˈsɪnjueɪt/","v.","to suggest indirectly"
"insipid","/ɪnˈsɪpɪd/","adj.","dull or tasteless"
"insolent","/ˈɪnsələnt/","adj.","rude or arrogant"
"instigate","/ˈɪnstɪɡeɪt/","v.","to incite or provoke"
"insular","/ˈɪnsələr/","adj.","narrow-minded or isolated"
"insurgent","/ɪnˈsɜːrdʒənt/","n.","a rebel or revolutionary"
"integral","/ˈɪntɪɡrəl/","adj.","essential or necessary"
"interject","/ˌɪntərˈdʒekt/","v.","to insert or interrupt"
"interlocutor","/ˌɪntərˈlɒkjətər/","n.","a participant in a conversation"
"interminable","/ɪnˈtɜːrmɪnəbl/","adj.","endless or tedious"
"intimation","/ˌɪntɪˈmeɪʃn/","n.","a hint or suggestion"
"intractable","/ɪnˈtræktəbl/","adj.","difficult to manage"
"intransigent","/ɪnˈtrænzɪdʒənt/","adj.","uncompromising or stubborn"
"intrepid","/ɪnˈtrepɪd/","adj.","brave or fearless"
"inundate","/ˈɪnʌndeɪt/","v.","to flood or overwhelm"
"inure","/ɪˈnjʊr/","v.","to become accustomed to"
"invective","/ɪnˈvektɪv/","n.","abusive language"
"inveterate","/ɪnˈvetərət/","adj.","long-established or habitual"
"inviolable","/ɪnˈvaɪələbl/","adj.","sacred or untouchable"
"irascible","/ɪˈræsəbl/","adj.","easily angered"
"iridescent","/ˌɪrɪˈdesnt/","adj.","shimmering or rainbow-colored"
"irreverence","/ɪˈrevərəns/","n.","disrespect or irreverence"
"irrevocable","/ɪˈrevəkəbl/","adj.","unable to be reversed"
"jubilant","/ˈdʒuːbɪlənt/","adj.","joyful or triumphant"
"judicious","/dʒuˈdɪʃəs/","adj.","wise or sensible"
"juxtaposition","/ˌdʒʌkstəpəˈzɪʃn/","n.","the act of placing side by side"
"knell","/nel/","n.","the sound of a bell, especially at a funeral"
"kudos","/ˈkjuːdoʊs/","n.","praise or recognition"
"laceration","/ˌlæsəˈreɪʃn/","n.","a cut or tear"
"laconic","/ləˈkɒnɪk/","adj.","brief or terse"
"languid","/ˈlæŋɡwɪd/","adj.","sluggish or lazy"
"larceny","/ˈlɑːrsəni/","n.","theft or stealing"
"largess","/lɑːrˈdʒes/","n.","generosity or gifts"
"latent","/ˈleɪtnt/","adj.","hidden or potential"
"laudatory","/ˈlɔːdətɔːri/","adj.","praising or complimentary"
"lavish","/ˈlævɪʃ/","adj. / v.","1. generous or extravagant; 2. to give generously"
"legerdemain","/ˌledʒərdəˈmeɪn/","n.","magic or trickery"
"lenient","/ˈliːniənt/","adj.","merciful or tolerant"
"lethargic","/ləˈθɑːrdʒɪk/","adj.","sluggish or apathetic"
"liability","/ˌlaɪəˈbɪləti/","n.","1. a legal responsibility; 2. a disadvantage"
"libertarian","/ˌlɪbərˈteriən/","adj.","advocating individual freedom"
"licentious","/laɪˈsenʃəs/","adj.","immoral or promiscuous"
"limpid","/ˈlɪmpɪd/","adj.","clear or transparent"
"linchpin","/ˈlɪntʃpɪn/","n.","a key element or part"
"lithe","/laɪð/","adj.","graceful or flexible"
"litigant","/ˈlɪtɪɡənt/","n.","someone involved in a lawsuit"
"lucid","/ˈluːsɪd/","adj.","clear or understandable"
"luminous","/ˈluːmɪnəs/","adj.","shining or bright"
"lurid","/ˈlʊrɪd/","adj.","shocking or sensational"
"maelstrom","/ˈmeɪlstrɒm/","n.","a whirlpool or chaos"
"magnanimous","/mæɡˈnænɪməs/","adj.","generous or noble"
"malediction","/ˌmæləˈdɪkʃn/","n.","a curse"
"malevolent","/məˈlevələnt/","adj.","evil or malicious"
"malleable","/ˈmæliəbl/","adj.","easily shaped or influenced"
"mandate","/ˈmændeɪt/","n.","an official order or command"
"manifest","/ˈmænɪfest/","adj. / v.","1. obvious or clear; 2. to show or display"
"manifold","/ˈmænɪfoʊld/","adj.","various or many"
"maudlin","/ˈmɔːdlɪn/","adj.","sentimental or tearful"
"maverick","/ˈmævərɪk/","n.","a nonconformist or rebel"
"mawkish","/ˈmɔːkɪʃ/","adj.","overly sentimental"
"maxim","/ˈmæksɪm/","n.","a saying or proverb"
"meager","/ˈmiːɡər/","adj.","scant or insufficient"
"medley","/ˈmedli/","n.","a mixture or combination"
"mendacious","/menˈdeɪʃəs/","adj.","lying or dishonest"
"mercurial","/mɜːrˈkjʊriəl/","adj.","temperamental or changeable"
"meritorious","/ˌmerɪˈtɔːriəs/","adj.","deserving praise or reward"
"metamorphosis","/ˌmetəˈmɔːrfəsɪs/","n.","a transformation or change"
"meticulous","/məˈtɪkjələs/","adj.","careful or precise"
"mitigate","/ˈmɪtɪɡeɪt/","v.","to reduce or alleviate"
"moderate","/ˈmɒdərət/","adj. / n.","1. not extreme"
